<?xml version="1.0" encoding="UTF-8" standalone="yes"?>
<addon id="repository.repodevslol" name="Devslol Repository" version="0.0.1" provider-name="Devslol">
		<extension point="xbmc.addon.repository" name="Bla Bla Repository">
			<info compressed="false">https://raw.githubusercontent.com/youcantfindme/repository.repodevslol/master/addons.xml</info>
			<checksum>https://raw.githubusercontent.com/youcantfindme/repository.repodevslol/master/addons.xml.md5</checksum>
			<datadir zip="true">https://raw.githubusercontent.com/youcantfindme/repository.repodevslol/master/</datadir>
			<dir>
                <info compressed="false">https://github.com/tvaddonsco/tva-resolvers-repo/raw/master/addons.xml</info>
                <checksum>https://github.com/tvaddonsco/tva-resolvers-repo/raw/master/addons.xml.md5</checksum>
                <datadir zip="true">https://github.com/tvaddonsco/tva-resolvers-repo/raw/master/zips/</datadir>
            </dir>
		</extension>
		<extension point="xbmc.addon.metadata">
			<summary></summary>
			<description></description>
			<platform>all</platform>
		</extension>
</addon>